{
  "__inputs": [
    {
      "name": "DS_AZURE_MONITOR",
      "label": "Azure Monitor",
      "description": "",
      "type": "datasource",
      "pluginId": "grafana-azure-monitor-datasource",
      "pluginName": "Azure Monitor"
    }
  ],
  "__elements": {},
  "__requires": [
    {
      "type": "panel",
      "id": "gauge",
      "name": "Gauge",
      "version": ""
    },
    {
      "type": "grafana",
      "id": "grafana",
      "name": "Grafana",
      "version": "9.5.8"
    },
    {
      "type": "datasource",
      "id": "grafana-azure-monitor-datasource",
      "name": "Azure Monitor",
      "version": "1.0.0"
    },
    {
      "type": "panel",
      "id": "piechart",
      "name": "Pie chart",
      "version": ""
    },
    {
      "type": "panel",
      "id": "table",
      "name": "Table",
      "version": ""
    },
    {
      "type": "panel",
      "id": "text",
      "name": "Text",
      "version": ""
    }
  ],
  "annotations": {
    "list": [
      {
        "builtIn": 1,
        "datasource": {
          "type": "grafana",
          "uid": "-- Grafana --"
        },
        "enable": true,
        "hide": true,
        "iconColor": "rgba(0, 211, 255, 1)",
        "name": "Annotations & Alerts",
        "target": {
          "limit": 100,
          "matchAny": false,
          "tags": [],
          "type": "dashboard"
        },
        "type": "dashboard"
      }
    ]
  },
  "description": "This dashboard provides an overview of the health and performance of the resources monitored in Azure Monitor enabled by the Windows Operating System MonStarPack",
  "editable": true,
  "fiscalYearStartMonth": 0,
  "graphTooltip": 0,
  "id": null,
  "links": [],
  "liveNow": false,
  "panels": [
    {
      "datasource": {
        "type": "datasource",
        "uid": "grafana"
      },
      "gridPos": {
        "h": 2,
        "w": 20,
        "x": 0,
        "y": 0
      },
      "id": 6,
      "options": {
        "code": {
          "language": "plaintext",
          "showLineNumbers": false,
          "showMiniMap": false
        },
        "content": "# Windows Operating System Overview",
        "mode": "markdown"
      },
      "pluginVersion": "9.5.8",
      "type": "text"
    },
    {
      "datasource": {
        "type": "grafana-azure-monitor-datasource",
        "uid": "${DS_AZURE_MONITOR}"
      },
      "fieldConfig": {
        "defaults": {
          "color": {
            "mode": "palette-classic"
          },
          "custom": {
            "hideFrom": {
              "legend": false,
              "tooltip": false,
              "viz": false
            }
          },
          "mappings": []
        },
        "overrides": []
      },
      "gridPos": {
        "h": 9,
        "w": 5,
        "x": 0,
        "y": 2
      },
      "id": 2,
      "options": {
        "displayLabels": [],
        "legend": {
          "displayMode": "table",
          "placement": "bottom",
          "showLegend": true,
          "values": [
            "value"
          ]
        },
        "pieType": "donut",
        "reduceOptions": {
          "calcs": [
            "lastNotNull"
          ],
          "fields": "/^count_$/",
          "values": true
        },
        "tooltip": {
          "mode": "single",
          "sort": "none"
        }
      },
      "targets": [
        {
          "azureMonitor": {
            "allowedTimeGrainsMs": [],
            "timeGrain": "auto"
          },
          "azureResourceGraph": {
            "query": "resources\r\n| extend id = tolower(id)\r\n| where id in ($Resources) and type in (\"microsoft.hybridcompute/machines\", \"microsoft.compute/virtualmachines\")\r\n| extend ResourceType = case(type == \"microsoft.compute/virtualmachines\", \"Azure Virtual Machine\",\r\n    type == \"microsoft.hybridcompute/machines\", \"Arc Enabled Virtual Machine\", \"Other\")\r\n| summarize count() by ResourceType"
          },
          "datasource": {
            "type": "grafana-azure-monitor-datasource",
            "uid": "${DS_AZURE_MONITOR}"
          },
          "queryType": "Azure Resource Graph",
          "refId": "A",
          "subscriptions": [
            "$Subscriptions"
          ]
        }
      ],
      "title": "Resource Type Breakdown",
      "transformations": [],
      "type": "piechart"
    },
    {
      "datasource": {
        "type": "grafana-azure-monitor-datasource",
        "uid": "${DS_AZURE_MONITOR}"
      },
      "fieldConfig": {
        "defaults": {
          "color": {
            "mode": "palette-classic"
          },
          "custom": {
            "hideFrom": {
              "legend": false,
              "tooltip": false,
              "viz": false
            }
          },
          "mappings": []
        },
        "overrides": []
      },
      "gridPos": {
        "h": 9,
        "w": 5,
        "x": 5,
        "y": 2
      },
      "id": 4,
      "options": {
        "displayLabels": [],
        "legend": {
          "displayMode": "table",
          "placement": "bottom",
          "showLegend": true,
          "values": [
            "value"
          ]
        },
        "pieType": "donut",
        "reduceOptions": {
          "calcs": [
            "count"
          ],
          "fields": "/^count_$/",
          "values": true
        },
        "tooltip": {
          "mode": "single",
          "sort": "none"
        }
      },
      "targets": [
        {
          "azureMonitor": {
            "allowedTimeGrainsMs": [],
            "timeGrain": "auto"
          },
          "azureResourceGraph": {
            "query": "resources\r\n| extend id = tolower(id)\r\n| where id in ($Resources) and type in (\"microsoft.hybridcompute/machines\", \"microsoft.compute/virtualmachines\")\r\n| extend osSku = tostring(properties.osSku),\r\n    osName = tostring(properties.extended.instanceView.osName)\r\n| extend OperatingSystem = iff(isempty(osName), osSku, osName)\r\n| summarize count() by OperatingSystem"
          },
          "datasource": {
            "type": "grafana-azure-monitor-datasource",
            "uid": "${DS_AZURE_MONITOR}"
          },
          "queryType": "Azure Resource Graph",
          "refId": "A",
          "subscriptions": [
            "$Subscriptions"
          ]
        }
      ],
      "title": "Breakdown by Operating System",
      "type": "piechart"
    },
    {
      "datasource": {
        "type": "grafana-azure-monitor-datasource",
        "uid": "${DS_AZURE_MONITOR}"
      },
      "fieldConfig": {
        "defaults": {
          "color": {
            "fixedColor": "green",
            "mode": "palette-classic"
          },
          "custom": {
            "hideFrom": {
              "legend": false,
              "tooltip": false,
              "viz": false
            }
          },
          "mappings": []
        },
        "overrides": []
      },
      "gridPos": {
        "h": 9,
        "w": 5,
        "x": 10,
        "y": 2
      },
      "id": 26,
      "options": {
        "displayLabels": [],
        "legend": {
          "displayMode": "table",
          "placement": "bottom",
          "showLegend": true,
          "values": [
            "value"
          ]
        },
        "pieType": "donut",
        "reduceOptions": {
          "calcs": [
            "allValues"
          ],
          "fields": "",
          "values": true
        },
        "tooltip": {
          "mode": "single",
          "sort": "none"
        }
      },
      "pluginVersion": "9.5.6",
      "targets": [
        {
          "azureMonitor": {
            "allowedTimeGrainsMs": [],
            "timeGrain": "auto"
          },
          "azureResourceGraph": {
            "query": "alertsmanagementresources\r\n| where type == \"microsoft.alertsmanagement/alerts\"\r\n| extend resourceId = tostring(properties.context.context.resourceId),\r\n    monitorCondition = tostring(properties.essentials.monitorCondition),\r\n    startDateTime = todatetime(properties.essentials.startDateTime),\r\n    lastModifiedDateTime = todatetime(properties.essentials.lastModifiedDateTime)\r\n| where resourceId in ($Resources)\r\n| summarize count() by monitorCondition"
          },
          "datasource": {
            "type": "grafana-azure-monitor-datasource",
            "uid": "${DS_AZURE_MONITOR}"
          },
          "queryType": "Azure Resource Graph",
          "refId": "A",
          "subscriptions": [
            "$Subscriptions"
          ]
        }
      ],
      "title": "Alerts by Status",
      "type": "piechart"
    },
    {
      "datasource": {
        "type": "grafana-azure-monitor-datasource",
        "uid": "${DS_AZURE_MONITOR}"
      },
      "fieldConfig": {
        "defaults": {
          "color": {
            "mode": "palette-classic"
          },
          "custom": {
            "hideFrom": {
              "legend": false,
              "tooltip": false,
              "viz": false
            }
          },
          "mappings": []
        },
        "overrides": []
      },
      "gridPos": {
        "h": 9,
        "w": 5,
        "x": 15,
        "y": 2
      },
      "id": 27,
      "options": {
        "displayLabels": [],
        "legend": {
          "displayMode": "table",
          "placement": "bottom",
          "showLegend": true,
          "values": [
            "value"
          ]
        },
        "pieType": "donut",
        "reduceOptions": {
          "calcs": [
            "allValues"
          ],
          "fields": "",
          "values": true
        },
        "tooltip": {
          "mode": "single",
          "sort": "none"
        }
      },
      "pluginVersion": "9.5.6",
      "targets": [
        {
          "azureMonitor": {
            "allowedTimeGrainsMs": [],
            "timeGrain": "auto"
          },
          "azureResourceGraph": {
            "query": "alertsmanagementresources\r\n| where type == \"microsoft.alertsmanagement/alerts\"\r\n| extend resourceId = tostring(properties.context.context.resourceId),\r\n    severity = toint(properties.context.context.severity),\r\n    startDateTime = todatetime(properties.essentials.startDateTime),\r\n    lastModifiedDateTime = todatetime(properties.essentials.lastModifiedDateTime)\r\n| where resourceId in ($Resources)\r\n| extend Severity = case(severity == 0, \"Critical\",\r\n        severity == 1, \"Error\",\r\n        severity == 2, \"Warning\",\r\n        severity == 3, \"Informational\",\r\n        severity == 4, \"Verbose\", \"Other\")\r\n| summarize count() by Severity"
          },
          "datasource": {
            "type": "grafana-azure-monitor-datasource",
            "uid": "${DS_AZURE_MONITOR}"
          },
          "queryType": "Azure Resource Graph",
          "refId": "A",
          "subscriptions": [
            "$Subscriptions"
          ]
        }
      ],
      "title": "Alerts by Severity",
      "type": "piechart"
    },
    {
      "datasource": {
        "type": "datasource",
        "uid": "grafana"
      },
      "gridPos": {
        "h": 2,
        "w": 20,
        "x": 0,
        "y": 11
      },
      "id": 14,
      "options": {
        "code": {
          "language": "plaintext",
          "showLineNumbers": false,
          "showMiniMap": false
        },
        "content": "# Health and Availability",
        "mode": "markdown"
      },
      "pluginVersion": "9.5.8",
      "type": "text"
    },
    {
      "datasource": {
        "type": "grafana-azure-monitor-datasource",
        "uid": "${DS_AZURE_MONITOR}"
      },
      "fieldConfig": {
        "defaults": {
          "color": {
            "mode": "thresholds"
          },
          "custom": {
            "align": "auto",
            "cellOptions": {
              "type": "auto"
            },
            "inspect": false
          },
          "mappings": [],
          "thresholds": {
            "mode": "absolute",
            "steps": [
              {
                "color": "green",
                "value": null
              },
              {
                "color": "red",
                "value": 80
              }
            ]
          }
        },
        "overrides": [
          {
            "matcher": {
              "id": "byName",
              "options": "Last heartbeat"
            },
            "properties": [
              {
                "id": "custom.cellOptions",
                "value": {
                  "type": "json-view"
                }
              }
            ]
          },
          {
            "matcher": {
              "id": "byName",
              "options": "Resource"
            },
            "properties": [
              {
                "id": "custom.cellOptions",
                "value": {
                  "type": "json-view"
                }
              }
            ]
          }
        ]
      },
      "gridPos": {
        "h": 12,
        "w": 5,
        "x": 0,
        "y": 13
      },
      "id": 12,
      "options": {
        "cellHeight": "sm",
        "footer": {
          "countRows": false,
          "fields": "",
          "reducer": [
            "sum"
          ],
          "show": false
        },
        "frameIndex": 0,
        "showHeader": true,
        "sortBy": [
          {
            "desc": true,
            "displayName": "Resource"
          }
        ]
      },
      "pluginVersion": "9.5.8",
      "targets": [
        {
          "azureLogAnalytics": {
            "query": "Heartbeat\r\n| where _ResourceId in ($Resources)\r\n| summarize LastHeartBeat = arg_max(TimeGenerated, *) by _ResourceId\r\n| extend TimeFromNow = now() - LastHeartBeat\r\n| extend [\"TimeAgo\"] = strcat(case(TimeFromNow < 2m, strcat(toint(TimeFromNow / 1s), ' seconds'), TimeFromNow < 2h, strcat(toint(TimeFromNow / 1m), ' minutes'), TimeFromNow < 2d, strcat(toint(TimeFromNow / 1h), ' hours'), strcat(toint(TimeFromNow / 1d), ' days')), ' ago')\r\n| project Computer, [\"Time\"]=strcat('🕒 ', TimeAgo)",
            "resources": [
              "$Workspace"
            ]
          },
          "azureMonitor": {
            "allowedTimeGrainsMs": [],
            "timeGrain": "auto"
          },
          "datasource": {
            "type": "grafana-azure-monitor-datasource",
            "uid": "${DS_AZURE_MONITOR}"
          },
          "hide": false,
          "queryType": "Azure Log Analytics",
          "refId": "B"
        }
      ],
      "title": "Last Heartbeat Received per Resource",
      "transformations": [],
      "type": "table"
    },
    {
      "datasource": {
        "type": "grafana-azure-monitor-datasource",
        "uid": "${DS_AZURE_MONITOR}"
      },
      "fieldConfig": {
        "defaults": {
          "color": {
            "mode": "thresholds"
          },
          "custom": {
            "align": "auto",
            "cellOptions": {
              "type": "auto"
            },
            "inspect": false
          },
          "mappings": [],
          "thresholds": {
            "mode": "absolute",
            "steps": [
              {
                "color": "green",
                "value": null
              },
              {
                "color": "red",
                "value": 80
              }
            ]
          }
        },
        "overrides": [
          {
            "matcher": {
              "id": "byName",
              "options": "name"
            },
            "properties": [
              {
                "id": "displayName",
                "value": "Resource"
              },
              {
                "id": "custom.cellOptions",
                "value": {
                  "type": "json-view"
                }
              }
            ]
          },
          {
            "matcher": {
              "id": "byName",
              "options": "provisioningState"
            },
            "properties": [
              {
                "id": "displayName",
                "value": "Status"
              },
              {
                "id": "mappings",
                "value": [
                  {
                    "options": {
                      "\"Failed\"": {
                        "color": "super-light-orange",
                        "index": 1,
                        "text": "Not Available"
                      },
                      "\"Succeeded\"": {
                        "color": "super-light-green",
                        "index": 0,
                        "text": "Available"
                      }
                    },
                    "type": "value"
                  }
                ]
              },
              {
                "id": "custom.cellOptions",
                "value": {
                  "mode": "basic",
                  "type": "color-background"
                }
              }
            ]
          }
        ]
      },
      "gridPos": {
        "h": 12,
        "w": 5,
        "x": 5,
        "y": 13
      },
      "id": 10,
      "options": {
        "cellHeight": "sm",
        "footer": {
          "countRows": false,
          "fields": "",
          "reducer": [
            "sum"
          ],
          "show": false
        },
        "showHeader": true
      },
      "pluginVersion": "9.5.8",
      "targets": [
        {
          "azureLogAnalytics": {
            "query": "",
            "resources": [
              "$Workspace"
            ]
          },
          "azureMonitor": {
            "allowedTimeGrainsMs": [],
            "timeGrain": "auto"
          },
          "azureResourceGraph": {
            "query": "resources\r\n| extend id = tolower(id)\r\n| where id in ($Resources)\r\n| extend provisioningState = properties.provisioningState\r\n| project name, provisioningState"
          },
          "datasource": {
            "type": "grafana-azure-monitor-datasource",
            "uid": "${DS_AZURE_MONITOR}"
          },
          "queryType": "Azure Resource Graph",
          "refId": "A",
          "subscriptions": [
            "$Subscriptions"
          ]
        }
      ],
      "title": "Resource Status",
      "transformations": [],
      "type": "table"
    },
    {
      "datasource": {
        "type": "grafana-azure-monitor-datasource",
        "uid": "${DS_AZURE_MONITOR}"
      },
      "fieldConfig": {
        "defaults": {
          "color": {
            "mode": "continuous-RdYlGr"
          },
          "custom": {
            "align": "auto",
            "cellOptions": {
              "type": "auto"
            },
            "filterable": false,
            "inspect": false
          },
          "decimals": 2,
          "mappings": [],
          "max": 100,
          "min": 0,
          "thresholds": {
            "mode": "percentage",
            "steps": [
              {
                "color": "green",
                "value": null
              }
            ]
          },
          "unit": "percent"
        },
        "overrides": [
          {
            "matcher": {
              "id": "byName",
              "options": "_ResourceId"
            },
            "properties": [
              {
                "id": "custom.hidden",
                "value": true
              }
            ]
          },
          {
            "matcher": {
              "id": "byName",
              "options": "availability_rate"
            },
            "properties": [
              {
                "id": "displayName",
                "value": "Availability Rate"
              },
              {
                "id": "custom.cellOptions",
                "value": {
                  "mode": "lcd",
                  "type": "gauge"
                }
              }
            ]
          }
        ]
      },
      "gridPos": {
        "h": 12,
        "w": 10,
        "x": 10,
        "y": 13
      },
      "hideTimeOverride": true,
      "id": 16,
      "options": {
        "cellHeight": "sm",
        "footer": {
          "countRows": false,
          "fields": "",
          "reducer": [
            "sum"
          ],
          "show": false
        },
        "frameIndex": 0,
        "showHeader": true,
        "sortBy": [
          {
            "desc": true,
            "displayName": "Computer"
          }
        ]
      },
      "pluginVersion": "9.5.8",
      "targets": [
        {
          "azureLogAnalytics": {
            "query": "let start_time=startofmonth(datetime_add('month',-1,now()));\r\nlet end_time=endofmonth(datetime_add('month',-1,now()));\r\nHeartbeat\r\n| where _ResourceId in ($Resources)\r\n| where TimeGenerated > start_time and TimeGenerated < end_time\r\n| summarize heartbeat_per_hour=count() by bin_at(TimeGenerated, 5m, start_time), _ResourceId, Computer\r\n| extend available_per_hour=iff(heartbeat_per_hour>0, true, false)\r\n| summarize total_available_hours=countif(available_per_hour==true) by _ResourceId, Computer\r\n| extend total_number_of_buckets=round((end_time-start_time)/5m)+1\r\n| extend availability_rate=total_available_hours*100/total_number_of_buckets\r\n| project _ResourceId, Computer, availability_rate",
            "resources": [
              "$Workspace"
            ]
          },
          "azureMonitor": {
            "allowedTimeGrainsMs": [],
            "timeGrain": "auto"
          },
          "datasource": {
            "type": "grafana-azure-monitor-datasource",
            "uid": "${DS_AZURE_MONITOR}"
          },
          "hide": false,
          "queryType": "Azure Log Analytics",
          "refId": "B"
        }
      ],
      "timeFrom": "30d",
      "title": "Availability for the last 30 days",
      "transformations": [],
      "type": "table"
    },
    {
      "datasource": {
        "type": "grafana-azure-monitor-datasource",
        "uid": "${DS_AZURE_MONITOR}"
      },
      "fieldConfig": {
        "defaults": {
          "color": {
            "mode": "thresholds"
          },
          "custom": {
            "align": "auto",
            "cellOptions": {
              "type": "auto"
            },
            "inspect": false
          },
          "mappings": [],
          "thresholds": {
            "mode": "percentage",
            "steps": [
              {
                "color": "green"
              }
            ]
          }
        },
        "overrides": [
          {
            "matcher": {
              "id": "byName",
              "options": "_ResourceId"
            },
            "properties": [
              {
                "id": "custom.hidden",
                "value": true
              }
            ]
          },
          {
            "matcher": {
              "id": "byName",
              "options": "DiskFreeSpace"
            },
            "properties": [
              {
                "id": "displayName",
                "value": "% Free Space"
              },
              {
                "id": "custom.cellOptions",
                "value": {
                  "mode": "lcd",
                  "type": "gauge"
                }
              }
            ]
          },
          {
            "matcher": {
              "id": "byName",
              "options": "Instance"
            },
            "properties": [
              {
                "id": "custom.width",
                "value": 91
              }
            ]
          }
        ]
      },
      "gridPos": {
        "h": 12,
        "w": 10,
        "x": 0,
        "y": 25
      },
      "id": 18,
      "options": {
        "cellHeight": "sm",
        "footer": {
          "countRows": false,
          "fields": "",
          "reducer": [
            "sum"
          ],
          "show": false
        },
        "frameIndex": 1,
        "showHeader": true,
        "sortBy": []
      },
      "pluginVersion": "9.5.8",
      "targets": [
        {
          "azureLogAnalytics": {
            "query": "InsightsMetrics\r\n| where _ResourceId in ($Resources)\r\n| where TimeGenerated > ago(24h)\r\n| where Namespace == \"LogicalDisk\"\r\n| where Name == \"FreeSpacePercentage\"\r\n| extend Instance = tostring(parse_json(Tags).[\"vm.azm.ms/mountId\"])\r\n| summarize DiskFreeSpace = avg(Val) by _ResourceId, Computer, Instance\r\n| project _ResourceId, Computer, Instance, DiskFreeSpace\r\n| top 10 by DiskFreeSpace asc",
            "resources": [
              "$Workspace"
            ],
            "resultFormat": "table"
          },
          "azureMonitor": {
            "allowedTimeGrainsMs": [],
            "timeGrain": "auto"
          },
          "datasource": {
            "type": "grafana-azure-monitor-datasource",
            "uid": "${DS_AZURE_MONITOR}"
          },
          "hide": false,
          "queryType": "Azure Log Analytics",
          "refId": "B"
        }
      ],
      "title": "Top 10 Disks running out of space",
      "transformations": [],
      "type": "table"
    },
    {
      "datasource": {
        "type": "grafana-azure-monitor-datasource",
        "uid": "${DS_AZURE_MONITOR}"
      },
      "fieldConfig": {
        "defaults": {
          "color": {
            "mode": "thresholds"
          },
          "mappings": [],
          "thresholds": {
            "mode": "percentage",
            "steps": [
              {
                "color": "green"
              },
              {
                "color": "red",
                "value": 80
              }
            ]
          }
        },
        "overrides": [
          {
            "matcher": {
              "id": "byName",
              "options": "Total"
            },
            "properties": [
              {
                "id": "displayName",
                "value": "Resources"
              },
              {
                "id": "color",
                "value": {
                  "fixedColor": "dark-blue",
                  "mode": "fixed"
                }
              }
            ]
          },
          {
            "matcher": {
              "id": "byName",
              "options": "No Update data"
            },
            "properties": [
              {
                "id": "color",
                "value": {
                  "mode": "continuous-GrYlRd"
                }
              }
            ]
          },
          {
            "matcher": {
              "id": "byName",
              "options": "Pending Reboot"
            },
            "properties": [
              {
                "id": "color",
                "value": {
                  "mode": "continuous-GrYlRd"
                }
              }
            ]
          },
          {
            "matcher": {
              "id": "byName",
              "options": "Pending Updates"
            },
            "properties": [
              {
                "id": "color",
                "value": {
                  "mode": "continuous-GrYlRd"
                }
              }
            ]
          }
        ]
      },
      "gridPos": {
        "h": 12,
        "w": 10,
        "x": 10,
        "y": 25
      },
      "id": 20,
      "options": {
        "orientation": "auto",
        "reduceOptions": {
          "calcs": [
            "lastNotNull"
          ],
          "fields": "",
          "values": false
        },
        "showThresholdLabels": false,
        "showThresholdMarkers": true
      },
      "pluginVersion": "9.5.8",
      "targets": [
        {
          "azureMonitor": {
            "allowedTimeGrainsMs": [],
            "timeGrain": "auto"
          },
          "azureResourceGraph": {
            "query": "//It will join with resources table and patchassessmentresources\r\n((resources //join of virtual machines, you can play with params as you see fit.\r\n| extend id = tolower(id)\r\n| where type =~ \"microsoft.compute/virtualmachines\" and id in ($Resources)\r\n| extend conf = iff(properties.storageProfile.osDisk.osType =~ \"windows\", properties.osProfile.windowsConfiguration.patchSettings.patchMode, properties.osProfile.linuxConfiguration.patchSettings.patchMode)\r\n| where conf in~ ('AutomaticByOS','AutomaticByPlatform','ImageDefault','Manual')\r\n| extend os = tolower(tostring(properties.storageProfile.osDisk.osType))\r\n| extend status=properties.extended.instanceView.powerState.displayStatus\r\n| project id, name, os, conf, status, resourceProperties=properties)\r\n| union\r\n(resources //union with arc servers, you can play with params as you see fit.\r\n| where type =~ \"microsoft.hybridcompute/machines\" and id in ($Resources)\r\n| extend id=tolower(id)\r\n| extend os=tolower(tostring(properties.osName))\r\n| extend status=properties.status\r\n| project id, name, os, status, resourceProperties=properties))\r\n| join kind=leftouter //finally, making a left outer join to fetch updates details from patchassessment\r\n((patchassessmentresources\r\n| where type in~ (\"microsoft.compute/virtualmachines/patchassessmentresults\", \"microsoft.hybridcompute/machines/patchassessmentresults\")\r\n| where properties.status == \"Succeeded\"\r\n| where properties.rebootPending in~ ('true', 'false')\r\n| parse id with resourceId \"/patchAssessmentResults\" *\r\n| extend resourceId=tolower(resourceId)\r\n| project resourceId, assessProperties=properties))\r\non $left.id == $right.resourceId //join on resources id & patchassessment id that is parsed.\r\n| summarize\r\nTotal = countif(1 == 1),\r\n[\"No Update data\"] = countif(isnull(assessProperties) == true),\r\n[\"Pending Reboot\"] = countif(isnotnull(assessProperties) and assessProperties.rebootPending == \"true\"),\r\n[\"Pending Updates\"] = countif(isnotnull(assessProperties) and assessProperties.osType =~ \"Windows\" and (assessProperties.availablePatchCountByClassification.critical>0 or assessProperties.availablePatchCountByClassification.security>0 or assessProperties.availablePatchCountByClassification.updateRollup>0 or assessProperties.availablePatchCountByClassification.featurePack>0 or assessProperties.availablePatchCountByClassification.servicePack>0 or assessProperties.availablePatchCountByClassification.definition>0 or assessProperties.availablePatchCountByClassification.tools>0 or assessProperties.availablePatchCountByClassification.updates>0))"
          },
          "datasource": {
            "type": "grafana-azure-monitor-datasource",
            "uid": "${DS_AZURE_MONITOR}"
          },
          "queryType": "Azure Resource Graph",
          "refId": "A",
          "subscriptions": [
            "$Subscriptions"
          ]
        }
      ],
      "title": "Windows Updates Pending",
      "type": "gauge"
    },
    {
      "datasource": {
        "type": "datasource",
        "uid": "grafana"
      },
      "gridPos": {
        "h": 2,
        "w": 20,
        "x": 0,
        "y": 37
      },
      "id": 22,
      "options": {
        "code": {
          "language": "plaintext",
          "showLineNumbers": false,
          "showMiniMap": false
        },
        "content": "# Performance",
        "mode": "markdown"
      },
      "pluginVersion": "9.5.8",
      "type": "text"
    },
    {
      "datasource": {
        "type": "grafana-azure-monitor-datasource",
        "uid": "${DS_AZURE_MONITOR}"
      },
      "description": "",
      "fieldConfig": {
        "defaults": {
          "color": {
            "mode": "thresholds"
          },
          "custom": {
            "align": "auto",
            "cellOptions": {
              "type": "auto"
            },
            "inspect": false
          },
          "mappings": [],
          "thresholds": {
            "mode": "percentage",
            "steps": [
              {
                "color": "green"
              },
              {
                "color": "red",
                "value": 80
              }
            ]
          },
          "unit": "percent"
        },
        "overrides": [
          {
            "matcher": {
              "id": "byName",
              "options": "_ResourceId"
            },
            "properties": [
              {
                "id": "custom.hidden",
                "value": true
              }
            ]
          },
          {
            "matcher": {
              "id": "byName",
              "options": "Namespace"
            },
            "properties": [
              {
                "id": "custom.hidden",
                "value": true
              }
            ]
          },
          {
            "matcher": {
              "id": "byName",
              "options": "AvgMemUse"
            },
            "properties": [
              {
                "id": "custom.cellOptions",
                "value": {
                  "mode": "lcd",
                  "type": "gauge"
                }
              }
            ]
          }
        ]
      },
      "gridPos": {
        "h": 12,
        "w": 11,
        "x": 0,
        "y": 39
      },
      "id": 24,
      "options": {
        "cellHeight": "sm",
        "footer": {
          "countRows": false,
          "fields": "",
          "reducer": [
            "sum"
          ],
          "show": false
        },
        "showHeader": true
      },
      "pluginVersion": "9.5.8",
      "targets": [
        {
          "azureLogAnalytics": {
            "query": "InsightsMetrics\r\n| where _ResourceId in ($Resources) \r\n| where Namespace == \"Memory\"\r\n| where Name == \"AvailableMB\"\r\n| extend memorySizeMB = todouble(parse_json(Tags).[\"vm.azm.ms/memorySizeMB\"])\r\n| extend PercentageBytesinUse = Val/memorySizeMB*100\r\n| summarize  AvgMemUse = avg(PercentageBytesinUse) by Namespace, _ResourceId, Computer\r\n| top 10 by AvgMemUse",
            "resources": [
              "$Workspace"
            ],
            "resultFormat": "table"
          },
          "azureMonitor": {
            "allowedTimeGrainsMs": [],
            "timeGrain": "auto"
          },
          "datasource": {
            "type": "grafana-azure-monitor-datasource",
            "uid": "${DS_AZURE_MONITOR}"
          },
          "hide": false,
          "queryType": "Azure Log Analytics",
          "refId": "B"
        }
      ],
      "title": "Top 10 Memory Utilisation",
      "transformations": [],
      "type": "table"
    },
    {
      "datasource": {
        "type": "grafana-azure-monitor-datasource",
        "uid": "${DS_AZURE_MONITOR}"
      },
      "description": "",
      "fieldConfig": {
        "defaults": {
          "color": {
            "mode": "thresholds"
          },
          "custom": {
            "align": "auto",
            "cellOptions": {
              "type": "auto"
            },
            "inspect": false
          },
          "mappings": [],
          "thresholds": {
            "mode": "absolute",
            "steps": [
              {
                "color": "green"
              },
              {
                "color": "red",
                "value": 80
              }
            ]
          },
          "unit": "percent"
        },
        "overrides": [
          {
            "matcher": {
              "id": "byName",
              "options": "_ResourceId"
            },
            "properties": [
              {
                "id": "custom.hidden",
                "value": true
              }
            ]
          },
          {
            "matcher": {
              "id": "byName",
              "options": "Namespace"
            },
            "properties": [
              {
                "id": "custom.hidden",
                "value": true
              }
            ]
          },
          {
            "matcher": {
              "id": "byName",
              "options": "AvgCPUUtilisation"
            },
            "properties": [
              {
                "id": "custom.cellOptions",
                "value": {
                  "mode": "lcd",
                  "type": "gauge"
                }
              }
            ]
          }
        ]
      },
      "gridPos": {
        "h": 12,
        "w": 9,
        "x": 11,
        "y": 39
      },
      "id": 25,
      "options": {
        "cellHeight": "sm",
        "footer": {
          "countRows": false,
          "fields": "",
          "reducer": [
            "sum"
          ],
          "show": false
        },
        "showHeader": true
      },
      "pluginVersion": "9.5.8",
      "targets": [
        {
          "azureLogAnalytics": {
            "query": "InsightsMetrics\r\n| where _ResourceId in ($Resources) \r\n| where Namespace == \"Processor\"\r\n| where Name == \"UtilizationPercentage\"\r\n| summarize AvgCPUUtilisation = avg(Val) by Namespace, _ResourceId, Computer \r\n| top 10 by AvgCPUUtilisation",
            "resources": [
              "$Workspace"
            ],
            "resultFormat": "table"
          },
          "azureMonitor": {
            "allowedTimeGrainsMs": [],
            "timeGrain": "auto"
          },
          "datasource": {
            "type": "grafana-azure-monitor-datasource",
            "uid": "${DS_AZURE_MONITOR}"
          },
          "hide": false,
          "queryType": "Azure Log Analytics",
          "refId": "B"
        }
      ],
      "title": "Top 10 Processor Utilisation",
      "transformations": [],
      "type": "table"
    }
  ],
  "refresh": "",
  "revision": 1,
  "schemaVersion": 38,
  "style": "dark",
  "tags": [],
  "templating": {
    "list": [
      {
        "current": {
          "selected": true,
          "text": [
            "Azure Monitor"
          ],
          "value": [
            "Azure Monitor"
          ]
        },
        "hide": 0,
        "includeAll": false,
        "label": "Datasource",
        "multi": true,
        "name": "Datasource",
        "options": [],
        "query": "grafana-azure-monitor-datasource",
        "refresh": 1,
        "regex": "",
        "skipUrlSync": false,
        "type": "datasource"
      },
      {
        "current": {},
        "datasource": {
          "type": "grafana-azure-monitor-datasource",
          "uid": "${DS_AZURE_MONITOR}"
        },
        "definition": "subscriptions",
        "hide": 0,
        "includeAll": true,
        "label": "Subscriptions",
        "multi": true,
        "name": "Subscriptions",
        "options": [],
        "query": {
          "azureLogAnalytics": {
            "query": "",
            "resources": []
          },
          "queryType": "Azure Subscriptions",
          "refId": "A"
        },
        "refresh": 1,
        "regex": "",
        "skipUrlSync": false,
        "sort": 0,
        "type": "query"
      },
      {
        "current": {},
        "datasource": {
          "type": "grafana-azure-monitor-datasource",
          "uid": "${DS_AZURE_MONITOR}"
        },
        "definition": "",
        "hide": 0,
        "includeAll": true,
        "label": "Workspace(s)",
        "multi": true,
        "name": "Workspace",
        "options": [],
        "query": {
          "azureLogAnalytics": {
            "query": "",
            "resources": []
          },
          "queryType": "Azure Workspaces",
          "refId": "A",
          "subscription": "$Subscriptions"
        },
        "refresh": 1,
        "regex": "",
        "skipUrlSync": false,
        "sort": 0,
        "type": "query"
      },
      {
        "current": {},
        "datasource": {
          "type": "grafana-azure-monitor-datasource",
          "uid": "${DS_AZURE_MONITOR}"
        },
        "definition": "",
        "hide": 0,
        "includeAll": true,
        "multi": true,
        "name": "Resources",
        "options": [],
        "query": {
          "azureLogAnalytics": {
            "query": "",
            "resources": []
          },
          "azureResourceGraph": {
            "query": "resources\r\n| extend StarterPack = tags.MonitorStarterPacks\r\n| where StarterPack in (\"WinOS\", \"WOS\", \"WOS,IIS\") and type in (\"microsoft.hybridcompute/machines\", \"microsoft.compute/virtualmachines\")\r\n| project value = tolower(id), label = name"
          },
          "queryType": "Azure Resource Graph",
          "refId": "A",
          "subscriptions": [
            "$Subscriptions"
          ]
        },
        "refresh": 1,
        "regex": "",
        "skipUrlSync": false,
        "sort": 5,
        "type": "query"
      }
    ]
  },
  "time": {
    "from": "now-6h",
    "to": "now"
  },
  "timepicker": {},
  "timezone": "",
  "title": "Azure Monitor Start Pack / Windows Operating System",
  "uid": "AzMonStarPackWinOS",
  "version": 34
}